{
  "lang":"es",
  "pipeline":[
    "ner"
  ],
  "spacy_version":">=2.3.5",
  "speed":{
    "nwords":115316,
    "cpu":9884.104935396,
    "gpu":27724.8242194315
  },
  "accuracy":{
    "ents_f":55.6776556777,
    "ents_p":55.8823529412,
    "ents_r":55.4744525547,
    "ents_per_type":{
      "college":{
        "p":56.0240963855,
        "r":72.0930232558,
        "f":63.0508474576
      },
      "degree":{
        "p":54.9019607843,
        "r":54.1935483871,
        "f":54.5454545455
      },
      "graduation year":{
        "p":64.3835616438,
        "r":47.4747474747,
        "f":54.6511627907
      },
      "certifications":{
        "p":25.0,
        "r":14.2857142857,
        "f":18.1818181818
      }
    },
    "token_acc":100.0
  },
  "vectors":{
    "width":0,
    "vectors":0,
    "keys":0,
    "name":"spacy_pretrained_vectors"
  },
  "name":"model0",
  "version":"0.0.0",
  "labels":{
    "ner":[
      "MAILS",
      "certifications",
      "college",
      "como",
      "degree",
      "graduation year"
    ]
  }
}