{
  "lang":"es",
  "pipeline":[
    "ner"
  ],
  "spacy_version":">=2.3.5",
  "speed":{
    "nwords":80621,
    "cpu":12304.6583405669,
    "gpu":28820.5052455735
  },
  "accuracy":{
    "ents_f":70.4497201312,
    "ents_p":69.7363393198,
    "ents_r":71.1778471139,
    "ents_per_type":{
      "location":{
        "p":58.8235294118,
        "r":50.0,
        "f":54.0540540541
      },
      "college":{
        "p":72.1854304636,
        "r":72.1854304636,
        "f":72.1854304636
      },
      "idioms":{
        "p":78.1818181818,
        "r":86.8686868687,
        "f":82.2966507177
      },
      "phone":{
        "p":78.5714285714,
        "r":97.0588235294,
        "f":86.8421052632
      },
      "skills":{
        "p":64.7727272727,
        "r":68.6746987952,
        "f":66.6666666667
      },
      "degree":{
        "p":54.7445255474,
        "r":54.7445255474,
        "f":54.7445255474
      },
      "mail":{
        "p":76.5957446809,
        "r":100.0,
        "f":86.7469879518
      },
      "name":{
        "p":95.9595959596,
        "r":95.9595959596,
        "f":95.9595959596
      },
      "companies worked at":{
        "p":64.8379052369,
        "r":54.8523206751,
        "f":59.4285714286
      },
      "years of experience":{
        "p":76.4604810997,
        "r":86.2403100775,
        "f":81.0564663024
      },
      "graduation year":{
        "p":68.4210526316,
        "r":77.7777777778,
        "f":72.8
      },
      "designation":{
        "p":67.1548117155,
        "r":66.049382716,
        "f":66.5975103734
      },
      "certifications":{
        "p":50.9803921569,
        "r":60.4651162791,
        "f":55.3191489362
      }
    },
    "token_acc":100.0
  },
  "vectors":{
    "width":0,
    "vectors":0,
    "keys":0,
    "name":"spacy_pretrained_vectors"
  },
  "name":"model0",
  "version":"0.0.0",
  "labels":{
    "ner":[
      "certifications",
      "college",
      "companies worked at",
      "degree",
      "designation",
      "graduation year",
      "idioms",
      "location",
      "mail",
      "name",
      "phone",
      "skills",
      "years of experience"
    ]
  }
}