{
  "lang":"es",
  "pipeline":[
    "ner"
  ],
  "spacy_version":">=2.3.5",
  "speed":{
    "nwords":100700,
    "cpu":14073.8612450333,
    "gpu":19584.4951943691
  },
  "accuracy":{
    "ents_f":82.6315789474,
    "ents_p":83.0687830688,
    "ents_r":82.1989528796,
    "ents_per_type":{
      "phone":{
        "p":74.3119266055,
        "r":79.4117647059,
        "f":76.7772511848
      },
      "mail":{
        "p":94.3181818182,
        "r":94.3181818182,
        "f":94.3181818182
      },
      "location":{
        "p":68.8888888889,
        "r":75.6097560976,
        "f":72.0930232558
      },
      "name":{
        "p":96.7032967033,
        "r":80.0,
        "f":87.5621890547
      }
    },
    "token_acc":100.0
  },
  "vectors":{
    "width":0,
    "vectors":0,
    "keys":0,
    "name":"spacy_pretrained_vectors"
  },
  "name":"model0",
  "version":"0.0.0",
  "labels":{
    "ner":[
      "MAILS",
      "como",
      "location",
      "mail",
      "name",
      "phone"
    ]
  }
}